"","lon","lat"
"1",-73.9923194,40.7634719
"2",-73.9143754,40.8214274
"3",-73.9775774,40.7609327
"4",-73.7542004,40.6790641
"5",-74.160489,40.544669
"6",-73.9791069,40.7275918
"7",-73.9360503,40.8208125
"8",-73.7781391,40.6413111
"9",-73.984804,40.72947
"10",-73.9162,40.757903
"11",-73.9428237,40.8376058
"12",-73.9974193,40.7421817
"13",-74.1038244,40.6160044
"14",-73.9096725,40.8798709
"15",-73.9380221,40.6625797
"16",-73.9880907,40.7641626
"17",-73.9528324,40.7675668
"18",-73.8188342,40.7508044
"19",-73.9449272,40.687269
"20",-73.8881714,40.8556633
"21",-73.9105102,40.8567706
"22",-73.9968817,40.6720903
"23",-73.8973871,40.8669921
"24",-73.9203704,40.8666633
"25",-73.9716621,40.6040425
"26",-73.9651269,40.7599374
"27",-73.9797974,40.7388594
"28",-74.0113222,40.6325948
"29",-73.833034,40.684236
"30",-73.914487,40.6988429
"31",-73.9551342,40.7367761
"32",-73.869136,40.6843475
"33",-73.9776056,40.7846919
"34",-74.0065682,40.7303827
"35",-73.9967579,40.7623377
"36",-73.9811382,40.7788729
"37",-73.82198,40.687317
"38",-73.9815733,40.7606287
"39",-73.9891635,40.7250558
"40",-74.0139894,40.7085747
"41",-73.928787,40.682896
"42",-73.9788201,40.7286963
"43",-73.9950132,40.7213001
"44",-73.9758026,40.68663
"45",-73.886602,40.857826
"46",-73.973281,40.608539
"47",-73.9182812,40.7702705
"48",-73.9900057,40.7608533
"49",-73.9565814,40.6834106
"50",-74.1164897,40.5735831
"51",-73.9453066,40.7231253
"52",-73.8810199,40.7500977
"53",-74.0251769,40.6211131
"54",-73.9908775,40.7612418
"55",-73.8857557,40.7557575
"56",-73.7506817,40.6028606
"57",-73.9971994,40.7173721
"58",-73.9187309,40.8642125
"59",-73.9814522,40.7580858
"60",-73.98669,40.752877
"61",NA,NA
"62",-74.0024945,40.7273163
"63",-73.9613646,40.8089292
"64",-73.7180561,40.734992
"65",-73.9788067,40.7769826
"66",-73.8226185,40.7542207
"67",-73.9126575,40.7663249
"68",-73.9560854,40.7785511
"69",-74.1628088,40.6068342
"70",-73.949145,40.588841
"71",-73.8201363,40.6762799
"72",-74.1032249,40.5776401
"73",-73.9871428,40.7287599
"74",-73.9859943,40.6917962
"75",-73.9023219,40.8582261
"76",-73.975545,40.635592
"77",-73.7711923,40.7645894
"78",-73.9896023,40.7606762
"79",-74.0253609,40.6233766
"80",-74.1211058,40.6052625
"81",-73.9578698,40.7115048
"82",-73.813765,40.7742443
"83",-73.9054171,40.7067838
"84",-73.988645,40.7552071
"85",-74.0010168,40.6130429
"86",-73.9284026,40.8190186
"87",-73.9531695,40.6550579
"88",-73.791185,40.74012
"89",-73.8928162,40.8464194
"90",-73.915312,40.815471
"91",-73.9166973,40.8180148
"92",-73.9748245,40.7911059
"93",-73.9619835,40.7138184
"94",-73.9740813,40.6859822
"95",-74.0007849,40.7426947
"96",-73.9300263,40.5943372
"97",-74.0266938,40.6220698
"98",-74.0055381,40.708933
"99",-73.9807739,40.7445772
"100",-73.9835089,40.7654188
"101",-73.862295,40.758042
"102",-73.9478153,40.8255355
"103",-73.8679235,40.8234317
"104",-73.9205048,40.7004303
"105",-73.9742299,40.7521442
"106",-74.023161,40.6347704
"107",-73.8258979,40.7436897
"108",-73.9170306,40.6991536
"109",-73.9673168,40.7569612
"110",-73.9521452,40.5994981
"111",-73.9485731,40.8283415
"112",-74.006126,40.740224
"113",-73.965731,40.7601497
"114",-73.9202187,40.7597557
"115",-73.8278928,40.8329617
"116",-74.1417915,40.6337288
"117",-73.902012,40.8196782
"118",-73.907944,40.700968
"119",-73.9229747,40.8085485
"120",-73.8692491,40.7340003
"121",-73.960341,40.71978
"122",-74.1141088,40.6294261
"123",-73.92165,40.66041
"124",-73.9899966,40.7604278
"125",-73.9516109,40.8123152
"126",-73.7149982,40.7457029
"127",-73.7532665,40.6034716
"128",-73.8887188,40.633728
"129",-74.026387,40.635616
"130",-73.7927457,40.7529952
"131",-73.9289954,40.6975036
"132",-73.9718588,40.7550353
"133",-73.927897,40.811183
"134",-74.0238386,40.6270835
"135",-74.158373,40.6035816
"136",-73.9739661,40.7519248
"137",-73.9920599,40.6354046
"138",-73.9498593,40.6792225
"139",-73.9257261,40.6700875
"140",-74.0068345,40.709556
"141",-73.849625,40.8245689
"142",-74.0002955,40.7479814
"143",-73.9536008,40.7825677
"144",-73.9994411,40.7149352
"145",-74.1572251,40.6080438
"146",-74.0139499,40.6277917
"147",-73.9527882,40.8227038
"148",-73.9920185,40.7345809
"149",-73.8752523,40.7370109
"150",-73.9010065,40.8311178
"151",-73.8680367,40.7571494
"152",-73.8889736,40.6558448
"153",-73.83238,40.7674184
"154",-73.9130389,40.7658992
"155",-73.8478661,40.8463138
"156",-74.0097623,40.6358932
"157",-73.9815591,40.7783191
"158",-73.9948213,40.6455612
"159",-73.9755962,40.7643256
"160",-73.8645148,40.6859981
"161",-73.954103,40.8057419
"162",-73.9508168,40.7241315
"163",-73.8340871,40.7694802
"164",-73.8964076,40.6784737
"165",-74.0068218,40.7061616
"166",-73.9742804,40.680569
"167",-73.9955771,40.7418524
"168",-73.933074,40.651866
"169",-73.8676559,40.8987188
"170",-73.9865617,40.6652108
"171",-73.9856841,40.6691584
"172",-73.7783384,40.6900302
"173",-73.8551322,40.7272601
"174",-73.9932279,40.7420307
"175",-73.9335849,40.7050888
"176",-73.9305112,40.6945614
"177",-73.9865701,40.7262841
"178",-73.9083343,40.7029951
"179",-74.0031344,40.7354027
"180",-74.0013251,40.7459851
"181",-73.9910064,40.7662319
"182",-73.910467,40.704152
"183",-73.9206715,40.8677164
"184",-73.9868082,40.7400682
"185",NA,NA
"186",-73.9789998,40.7663783
"187",-73.8208451,40.6800863
"188",-73.924593,40.7613588
"189",-73.968,40.762
"190",-73.9188584,40.741436
"191",-73.736109,40.7131811
"192",-73.9372128,40.5989535
"193",-73.9714786,40.6758316
"194",-73.9924896,40.689421
"195",-73.8290406,40.7622731
"196",-73.8710796,40.7488391
"197",-73.9735599,40.7840664
"198",-73.9835632,40.6100631
"199",-74.000026,40.7335054
"200",-73.9476381,40.7246314
"201",-73.8418764,40.7587464
"202",-73.7551106,40.6050815
"203",-73.945121,40.8156275
"204",-73.915496,40.663037
"205",-73.865882,40.8454332
"206",-74.00622,40.7188969
"207",-73.8586962,40.6926709
"208",-73.9505963,40.6708944
"209",-73.9006277,40.6763202
"210",-73.865012,40.7675104
"211",-74.0023376,40.7455599
"212",-73.9600923,40.7707731
"213",-73.9917475,40.75419
"214",-73.9974726,40.7451452
"215",-73.998485,40.7181425
"216",-73.9192778,40.7396163
"217",-73.985274,40.7616963
"218",-73.7858023,40.7524027
"219",-73.9409951,40.7389284
"220",-73.7662875,40.7035537
"221",-73.9918123,40.7583937
"222",-73.8614437,40.7578617
"223",-73.992837,40.75248
"224",-73.9801762,40.7288018
"225",-73.9376867,40.7535228
"226",-73.8727399,40.7491861
"227",-73.9127166,40.7438834
"228",-73.9494191,40.8241099
"229",-73.9798394,40.7566063
"230",-73.901856,40.883713
"231",-73.980845,40.7654806
"232",-73.7906919,40.8575743
"233",-73.7984382,40.6672965
"234",-73.9565545,40.7380541
"235",-74.005287,40.608535
"236",-73.9850707,40.7284059
"237",-74.0023824,40.724973
"238",-73.9760995,40.6809443
"239",-74.0804776,40.5819188
"240",-73.9240135,40.744138
"241",-73.9946948,40.7168935
"242",-73.8251574,40.7324547
"243",-73.988609,40.758268
"244",-74.0079713,40.6562318
"245",-73.9424454,40.8368863
"246",-73.9440766,40.7111069
"247",-73.8177246,40.8192025
"248",-73.9483569,40.6320461
"249",-73.9962964,40.720954
"250",-73.7803232,40.7531123
"251",-73.9883056,40.7290825
"252",-73.9140884,40.7653124
"253",-112.1467636,33.620748
"254",-73.9102104,40.7697871
"255",-73.918145,40.765087
"256",-73.9045393,40.8870746
"257",-73.9813838,40.7540452
"258",-74.0031469,40.7341333
"259",-73.9556049,40.7721589
"260",-73.9620483,40.7710741
"261",-73.983406,40.7258722
"262",-73.9511723,40.7165698
"263",-73.9901283,40.7267074
"264",-73.9443206,40.8236502
"265",-73.9012396,40.863123
"266",-73.9801437,40.7552287
"267",-73.9912832,40.752371
"268",-74.0015902,40.729137
"269",-73.984633,40.7400232
"270",-73.9809957,40.7546062
"271",-73.9301087,40.8217061
"272",-73.829771,40.5813475
"273",-73.8284245,40.713345
"274",-73.9102509,40.6968822
"275",-73.9992939,40.7163809
"276",-73.9396477,40.7500969
"277",-73.834304,40.86792
"278",-73.764287,40.700352
"279",-74.166187,40.6358323
"280",-73.9902131,40.7258509
"281",-74.0929656,40.6153556
"282",-74.11028,40.5709813
"283",-73.998924,40.730124
"284",-73.751952,40.604861
"285",-73.9764467,40.7809785
"286",-73.9627667,40.6493647
"287",-73.9881932,40.7215452
"288",-73.9903803,40.7381422
"289",-73.880947,40.7358067
"290",-73.952983,40.7765639
"291",-73.7872229,40.726996
"292",-73.9587231,40.7746521
"293",-73.9600644,40.5878395
"294",-73.972817,40.7645746
"295",-73.8682506,40.7471911
"296",-73.9848,40.749968
"297",-73.8446544,40.7208339
"298",-73.9792851,40.7779232
"299",-73.857017,40.751499
"300",-74.0032975,40.7235117
"301",-73.8133894,40.7883683
"302",-73.990233,40.7432469
"303",-73.9134754,40.722759
"304",-73.9972183,40.7191377
"305",-73.872725,40.683243
"306",-74.0006335,40.7208716
"307",-74.0113458,40.703182
"308",-73.9808681,40.7523419
"309",-73.9812076,40.743891
"310",-73.8198074,40.6060131
"311",-73.9563152,40.7795808
"312",-73.8294362,40.7590825
"313",-73.8903626,40.6780805
"314",-73.8523005,40.8726067
"315",-73.965644,40.8001692
"316",-73.9117677,40.7765762
"317",-73.9869773,40.7195346
"318",-73.9914063,40.7327205
"319",-73.9982597,40.7207406
"320",-73.9119047,40.7258004
"321",-74.029381,40.621086
"322",-73.9425836,40.7049499
"323",-73.9830634,40.7279838
"324",-73.8707575,40.7262875
"325",-73.9754144,40.7616194
"326",-73.9914345,40.7192103
"327",-73.9812519,40.7728753
"328",-73.9863023,40.7268076
"329",-74.0103573,40.7176946
"330",-73.8838823,40.8538318
"331",-73.778853,40.7794457
"332",-74.0013943,40.7315466
"333",-74.0796037,40.624603
"334",-73.981699,40.7507322
"335",-73.9270237,40.7016679
"336",-73.8877911,40.74958
"337",-73.7779957,40.6792567
"338",-73.9355324,40.6973427
"339",-73.7556659,40.605155
"340",-73.879587,40.8740695
"341",-73.8447193,40.7199899
"342",-73.9772294,40.7527262
"343",-73.8577198,40.6924285
"344",-73.9860706,40.7552669
"345",-74.0032975,40.7235117
"346",-73.8637731,40.7282488
"347",-73.9881728,40.6146246
"348",-73.924504,40.6087973
"349",-73.9926938,40.7279823
"350",-74.002213,40.7271061
"351",-73.9148464,40.8541222
"352",-73.905612,40.7004329
"353",-73.81437,40.690662
"354",-73.993931,40.6870876
"355",-73.9572721,40.7292778
"356",-73.874497,40.742157
"357",-74.1211864,40.6128461
"358",-73.98395,40.7578467
"359",-73.9793704,40.7452456
"360",-73.8465699,40.9017455
"361",-73.9806266,40.7504872
"362",-73.964565,40.7187346
"363",-74.0066799,40.6558057
"364",-73.9727391,40.7540623
"365",-73.8635762,40.7481298
"366",-73.8288139,40.869536
"367",-74.0064877,40.6387715
"368",-73.9921772,40.7595581
"369",-73.9897247,40.7308086
"370",-73.9624778,40.6726957
"371",-73.9027712,40.7707829
"372",-73.9958123,40.7362477
"373",-73.9791026,40.670264
"374",-73.920672,40.661157
"375",-73.9220786,40.8169811
"376",-73.8506077,40.8313716
"377",-73.8996065,40.853956
"378",-73.990542,40.750529
"379",-73.818699,40.8227275
"380",-73.9056158,40.7005043
"381",-73.9743547,40.7646095
"382",-73.9052273,40.887228
"383",-73.9791861,40.6786853
"384",-73.9220084,40.7017427
"385",-73.9938754,40.7586513
"386",-73.8868482,40.8167847
"387",-73.999058,40.728378
"388",-73.9776656,40.7508681
"389",-73.9106351,40.8310942
"390",-74.1095834,40.6296482
"391",-73.981205,40.6670633
"392",-73.9298117,40.6706785
"393",-73.955868,40.675747
"394",-73.8795049,40.8766092
"395",-73.9176561,40.7030946
"396",-73.9985024,40.7241015
"397",-73.9851508,40.7631501
"398",-74.0013595,40.7293985
"399",-73.9829735,40.7311919
"400",-74.0257176,40.6227115
"401",-73.9713126,40.7922143
"402",-73.9859021,40.7291844
"403",-74.0063011,40.7352476
"404",-73.9911316,40.7491499
"405",-73.9804993,40.6598814
"406",-74.0753437,40.626456
"407",-74.002089,40.601526
"408",-73.8676612,40.8652942
"409",-73.9093059,40.7748021
"410",-73.863248,40.750437
"411",-73.9311867,40.6644436
"412",-73.9142717,40.7638274
"413",-73.8749244,40.750735
"414",-73.9363765,40.8498569
"415",-74.0034123,40.750402
"416",-73.8828943,40.6664128
"417",-73.9669846,40.8049697
"418",-73.9731725,40.7485271
"419",-73.8349561,40.7465407
"420",-73.9550851,40.7773095
"421",-73.8311086,40.7056758
"422",-73.9859663,40.7536976
"423",-73.9856946,40.6701727
"424",-73.8320318,40.715061
"425",-74.0058816,40.7488788
"426",-73.9852116,40.6710542
"427",-73.892831,40.746875
"428",-73.9693236,40.755363
"429",-73.9378629,40.8034458
"430",-74.0048064,40.7165872
"431",-73.908126,40.770787
"432",-73.957845,40.818346
"433",-73.9213745,40.7603097
"434",-73.9956501,40.6027429
"435",-74.0767441,40.6442361
"436",-74.008811,40.635849
"437",-73.9582278,40.7295177
"438",-73.8022655,40.7800736
"439",-73.9424059,40.7011517
"440",-74.0045606,40.7200005
"441",-74.0091903,40.6493414
"442",-73.805825,40.697888
"443",-73.9320997,40.7955493
"444",-74.0047655,40.7185438
"445",-73.9910838,40.7402786
"446",-74.0053233,40.7158224
"447",-74.0000813,40.7208126
"448",-73.8494887,40.7335004
"449",-73.9976091,40.7151259
"450",-74.0304529,40.6161302
"451",-73.9492046,40.7114916
"452",-73.9561416,40.6407199
"453",-73.9852664,40.7630794
"454",-73.9802589,40.7782918
"455",-73.9726003,40.7904254
"456",-73.9850289,40.7474699
"457",-73.9931725,40.7428572
"458",-73.9897047,40.743112
"459",-73.979301,40.7571436
"460",-73.8207057,40.6699783
"461",-73.8174332,40.7184285
"462",-73.9914164,40.7466515
"463",-73.930257,40.7563866
"464",-73.9936347,40.7536157
"465",-73.9831015,40.7228305
"466",-73.9238056,40.752722
"467",-73.8803343,40.8282669
"468",-73.9889627,40.7194163
"469",-73.9729995,40.784838
"470",-73.901135,40.743439
"471",-73.9931407,40.7420003
"472",-73.9828826,40.7316885
"473",-73.8328336,40.7150471
"474",-73.9712797,40.7572872
"475",-73.857528,40.732581
"476",-73.9688182,40.7556061
"477",-73.9117965,40.712961
"478",-73.9721894,40.7868324
"479",-73.927101,40.8610656
"480",-73.9900428,40.7497232
"481",-74.0056029,40.633354
"482",-73.9938521,40.756338
"483",-73.9315137,40.6514557
"484",-73.9451644,40.7257164
"485",-73.9636487,40.649051
"486",-73.9897369,40.7578802
"487",-73.9567469,40.642952
"488",-73.9981475,40.715307
"489",-73.9510916,40.5836346
"490",-73.9784699,40.6433915
"491",-74.1005999,40.5656984
"492",-73.951729,40.8089272
"493",-74.0018766,40.7453285
"494",-73.9167572,40.7546015
"495",-73.9066634,40.7439082
"496",-73.7382788,40.7572717
"497",-73.8782852,40.7365156
"498",-73.8582615,40.8266866
"499",-73.9819295,40.6879452
"500",-73.8493266,40.6946748
"501",-73.9945849,40.7599669
"502",-73.9614485,40.7608128
"503",-73.9300703,40.8216711
"504",-73.7875286,40.758142
"505",-73.8528792,40.6931987
"506",-73.9703429,40.6976526
"507",-73.9763894,40.7864173
"508",-73.8547813,40.75163
"509",-73.9929171,40.7167423
"510",-73.9550485,40.7695246
"511",-73.8866261,40.6539376
"512",-73.957345,40.688154
"513",-73.9145951,40.8333264
"514",-73.9068134,40.7456038
"515",-74.1062304,40.6302634
"516",-73.9835928,40.7425169
"517",-73.9883623,40.6663149
"518",-73.9571873,40.7459179
"519",-73.9915642,40.7677253
"520",-74.0048145,40.7310341
"521",-73.9282292,40.7631597
"522",-73.8039581,40.6748382
"523",-73.957862,40.598911
"524",-74.0054337,40.6797578
"525",-74.0079523,40.740854
"526",-73.959753,40.5842088
"527",-73.7739551,40.7595367
"528",-73.9123693,40.7673496
"529",-73.8682799,40.7420176
"530",-73.7897664,40.6949473
"531",-73.9195743,40.868438
"532",-73.8830306,40.7467682
"533",-73.9426322,40.8324796
"534",-73.9649107,40.7720625
"535",-73.983035,40.6119332
"536",-73.9038784,40.9067255
"537",-73.8548284,40.8973819
"538",-73.891634,40.746485
"539",-73.9743683,40.7524298
"540",-73.9496944,40.714614
"541",-73.9792367,40.7718038
"542",-73.9208024,40.7431133
"543",-73.8371011,40.5788531
"544",-73.9236341,40.7609127
"545",-74.0010854,40.7474515
"546",-73.9244304,40.7631636
"547",-73.9362864,40.742852
"548",-73.9954924,40.7536713
"549",-73.9833072,40.7525918
"550",-73.9815102,40.6141335
"551",-73.828087,40.8780163
"552",-74.0012348,40.7186517
"553",-73.8923901,40.7484857
"554",-73.973204,40.754619
"555",-73.9579364,40.6478953
"556",-73.989578,40.7129199
"557",-73.9492171,40.7138893
"558",-73.9615805,40.760633
"559",-73.919196,40.6340166
"560",-73.989528,40.6877632
"561",-73.9995714,40.7245336
"562",-73.9735262,40.7900912
"563",-73.974797,40.6320858
"564",-74.0119961,40.7037939
"565",-73.9509034,40.7080823
"566",-73.9474696,40.7832653
"567",-73.8505817,40.8299853
"568",-73.7308948,40.760634
"569",-73.87444,40.763095
"570",-73.9099057,40.7527716
"571",-74.1263227,40.6130943
"572",-73.9828652,40.7572778
"573",-73.8375974,40.6909391
"574",-74.0853781,40.6341211
"575",-73.9200573,40.6615102
"576",-73.913811,40.6994395
"577",-73.9104031,40.7045998
"578",-73.7166945,40.7353085
"579",-73.7569764,40.6667864
"580",-73.9692691,40.7685235
"581",-73.75179,40.602498
"582",-73.9995769,40.7645114
"583",-74.0104001,40.6550208
"584",-73.9819459,40.7562179
"585",-73.9896361,40.7337718
"586",-73.9852733,40.6707259
"587",-73.9865046,40.7193172
"588",-73.939373,40.837052
"589",-73.977417,40.7336527
"590",-74.0089036,40.7045906
"591",-73.9850418,40.7529964
"592",-74.123689,40.6131799
"593",-73.9816696,40.5765812
"594",-73.9918069,40.7599765
"595",-73.8655388,40.8543152
"596",-73.9674637,40.7574579
"597",-73.9929789,40.752857
"598",-73.9733853,40.761523
"599",-73.8997414,40.7461653
"600",-73.8387174,40.6522091
"601",-73.9138749,40.6786351
"602",-73.99208,40.726929
"603",-73.992583,40.7175237
"604",-73.9742084,40.6860562
"605",-73.9950902,40.6835769
"606",-73.8308321,40.8474073
"607",-73.9573929,40.6460274
"608",-73.8041304,40.7607694
"609",-73.9625728,40.7120663
"610",-73.8056334,40.6975538
"611",-73.9675988,40.7922086
"612",-73.9952247,40.6906955
"613",-73.9333182,40.7031142
"614",-73.9902663,40.600081
"615",-73.9527584,40.742753
"616",-73.9192924,40.6988809
"617",-73.9866103,40.7262288
"618",-73.820867,40.68018
"619",-73.9858085,40.7516014
"620",-73.9591525,40.653453
"621",-74.1581965,40.6119914
"622",-73.9936918,40.7564969
"623",-73.9421555,40.7620129
"624",-73.9449065,40.8346998
"625",-73.8435467,40.8418004
"626",-73.9512202,40.7249005
"627",-73.7621324,40.7202133
"628",-73.91845,40.7652519
"629",-73.9438883,40.8206701
"630",-74.008013,40.640825
"631",-73.9680039,40.5973275
"632",-73.9507314,40.8213317
"633",-73.9874078,40.7659887
"634",-73.9825792,40.7558894
"635",-73.94641,40.7115759
"636",-73.98595,40.7634278
"637",-73.9715473,40.7558688
"638",-74.1305762,40.6129841
"639",-73.9490154,40.6481393
"640",-73.9866547,40.7478918
"641",-73.9802584,40.7504717
"642",-73.9611055,40.8012077
"643",-73.9826897,40.7401525
"644",-73.944605,40.813429
"645",-73.9957723,40.6821436
"646",-73.9574098,40.7142694
"647",-74.0069751,40.7065026
"648",-73.9700761,40.6468287
"649",-73.9908628,40.719099
"650",-74.014825,40.630632
"651",-73.9786813,40.7238184
"652",-74.1476328,40.5601338
"653",-73.99839,40.7202788
"654",NA,NA
"655",-73.9597859,40.7798977
"656",-73.994364,40.6902307
"657",-73.9558451,40.7079107
"658",-73.8613715,40.7293762
"659",-73.9732093,40.6080583
"660",-73.9663837,40.8051754
"661",-73.9859588,40.7611761
"662",-73.990101,40.7395518
"663",-73.9497983,40.7726799
"664",-73.829922,40.758296
"665",-73.884016,40.749439
"666",-73.8173211,40.5889881
"667",-73.8900364,40.6725699
"668",-73.9845035,40.5965504
"669",-73.9960519,40.7186719
"670",-73.9985519,40.714614
"671",-74.0079564,40.7128255
"672",-74.011544,40.706108
"673",-73.9528119,40.7191413
"674",-73.9596275,40.814497
"675",-73.9982298,40.6209759
"676",-73.7548509,40.6023559
"677",-73.8149158,40.7630562
"678",-73.9585342,40.7681182
"679",-73.8373459,40.7181574
"680",-73.9802265,40.7567748
"681",-74.0056783,40.7245217
"682",-73.9505889,40.774701
"683",-73.9978076,40.6118904
"684",-73.8455481,40.8442463
"685",-73.9978115,40.7164344
"686",-73.8541869,40.6927363
"687",-73.9406285,40.7926781
"688",-73.9164708,40.8341797
"689",-73.9464349,40.827397
"690",-87.8539053,42.5233933
"691",-73.8606799,40.7299174
"692",-74.0002835,40.7179174
"693",-73.993956,40.687276
"694",-73.9996747,40.7428029
"695",-73.8438173,40.8514025
"696",-74.0096738,40.6357033
"697",-73.8479114,40.8768036
"698",-73.9999863,40.6165698
"699",-73.8811546,40.8824542
"700",-73.9596101,40.7624125
"701",-73.7529036,40.6940604
"702",-73.9082189,40.7712894
"703",-74.0033322,40.7494279
"704",-73.9886796,40.7685346
"705",-73.9931471,40.7338007
"706",-74.0083264,40.7097763
"707",-73.8064303,40.7536924
"708",-73.8797606,40.8285451
"709",-73.8359914,40.6871119
"710",-73.803751,40.7607209
"711",-73.8276282,40.8524709
"712",-73.986525,40.7478132
"713",-73.9571318,40.7854597
"714",-73.9945303,40.6859062
"715",-73.9985844,40.605069
"716",-74.0093072,40.7150388
"717",-73.9948386,40.7135318
"718",-73.9952605,40.7593076
"719",-73.974643,40.597046
"720",-73.980201,40.7758472
"721",-73.9799875,40.7512258
"722",-73.9497895,40.7223985
"723",-73.956984,40.775167
"724",-73.9885258,40.7210352
"725",-73.8123991,40.7274529
"726",-73.9099813,40.6823469
"727",-73.8456101,40.8699545
"728",-74.0077594,40.7104929
"729",-73.8090466,40.7890607
"730",-73.8091365,40.7020798
"731",-73.9175374,40.878752
"732",-73.9939277,40.615084
"733",-73.9746566,40.7516166
"734",-73.9115148,40.7624259
"735",-73.985007,40.7325995
"736",-73.9792147,40.7550848
"737",-73.889913,40.8254639
"738",-73.962323,40.687523
"739",-73.9431856,40.778441
"740",-73.9765819,40.7572029
"741",-73.983256,40.728521
"742",-73.9785838,40.7640838
"743",-73.903829,40.7450988
"744",-73.9998818,40.7428942
"745",-73.9855067,40.7306588
"746",-73.9236371,40.740028
"747",-73.949892,40.783851
"748",-73.90789,40.8625865
"749",-73.9624134,40.6248869
"750",-73.964727,40.624387
"751",-73.9894855,40.7385401
"752",-73.9184602,40.8189717
"753",-73.9500127,40.6572861
"754",-73.7159509,40.7355408
"755",-73.9268534,40.6566428
"756",-73.9418423,40.7260173
"757",-74.0214172,40.6329932
"758",-73.9469022,40.7797209
"759",-73.9509003,40.7835403
"760",-73.9593205,40.6545125
"761",-73.8703834,40.825129
"762",-74.0072713,40.6374225
"763",-73.90469,40.8493155
"764",-73.8531912,40.7263268
"765",-73.9308618,40.7452626
"766",-73.8664101,40.8403632
"767",-73.8381523,40.6959933
"768",-73.7619599,40.7614014
"769",-73.9147633,40.7656836
"770",-73.9160189,40.6193982
"771",-73.814818,40.690305
"772",-73.8092297,40.7876689
"773",-74.0078522,40.7377594
"774",-74.1822255,40.5975145
"775",-73.8816126,40.8826631
"776",-74.0103388,40.7036995
"777",-73.9942872,40.7139381
"778",-74.0005182,40.7178215
"779",-73.990182,40.748049
"780",-73.9475415,40.6293158
"781",-73.9863851,40.7602076
"782",-74.0105763,40.6117506
"783",-74.0013706,40.7339993
"784",-73.9830811,40.7496435
"785",-73.939752,40.793798
"786",-73.930553,40.6608329
"787",-74.1771342,40.5414275
"788",-73.9399864,40.7975545
"789",-74.0015952,40.740029
"790",-73.8692233,40.7488621
"791",-73.7473724,40.7158247
"792",-73.9918977,40.7270278
"793",-74.025369,40.621304
"794",-73.9954861,40.7296991
"795",-73.9554163,40.6892838
"796",-73.9754976,40.739217
"797",-73.983203,40.759998
"798",-73.969279,40.7561902
"799",-73.9838476,40.772748
"800",-73.905032,40.879323
"801",-74.1104591,40.5705825
"802",-74.0116827,40.6372018
"803",-73.909975,40.7053781
"804",-73.9608039,40.5977156
"805",-73.9345467,40.7537036
"806",-74.1108052,40.6349044
"807",-73.8946521,40.7403286
"808",-73.8630492,40.8456231
"809",-74.0286976,40.6211614
"810",-73.9783141,40.7576057
"811",-74.1622795,40.6263419
"812",-73.759127,40.7408443
"813",-74.1114995,40.5675657
"814",-73.971286,40.7515106
"815",-73.9874377,40.6674786
"816",-73.982509,40.742912
"817",-73.8740082,40.7426767
"818",-73.9198448,40.8615361
"819",-74.0101184,40.7146828
"820",-73.95806,40.669466
"821",-73.987396,40.7610699
"822",-73.9989913,40.7296714
"823",-74.1114904,40.571638
"824",-73.815226,40.831274
"825",-73.9511871,40.7138684
"826",-73.8311407,40.7088612
"827",-73.9306571,40.7037442
"828",-73.7527962,40.605021
"829",-73.8016174,40.5873505
"830",-73.9380397,40.8235748
"831",-73.9760672,40.7568029
"832",-73.9706949,40.7514652
"833",NA,NA
"834",-73.891596,40.8303168
"835",-73.7488449,40.7688114
"836",-73.7220558,40.7252636
"837",-73.8709914,40.7421879
"838",-74.009347,40.709193
"839",-73.8067005,40.8169158
"840",-73.8756097,40.8266593
"841",-73.9867843,40.7185255
"842",-73.8914092,40.6723548
"843",-73.9847695,40.7475145
"844",-73.9701298,40.6929472
"845",-73.9471649,40.6327985
"846",-73.80919,40.7054175
"847",-73.9053628,40.852944
"848",-73.9798367,40.6428137
"849",-73.8214181,40.5837041
"850",-73.9935502,40.690254
"851",-73.8935493,40.7480732
"852",-74.005991,40.639285
"853",-74.174088,40.603686
"854",-74.0099709,40.716076
"855",-73.9281581,40.6931953
"856",-73.9863752,40.6872583
"857",-73.8374427,40.8236031
"858",-73.9858178,40.7682107
"859",-73.9466089,40.7801692
"860",-73.9598324,40.7798381
"861",-73.9874481,40.7372146
"862",-73.969049,40.6412431
"863",-74.0045832,40.7188979
"864",-73.9026906,40.8515443
"865",-73.868916,40.684344
"866",-73.9312801,40.7652923
"867",-73.9884113,40.7196523
"868",-73.9851034,40.765368
"869",-73.8533256,40.7110839
"870",-73.9727522,40.5888599
"871",-74.0133033,40.7121334
"872",-74.006657,40.739633
"873",-74.017826,40.7081823
"874",-74.0015759,40.7520507
"875",-73.9845274,40.720397
"876",-74.0006612,40.7283483
"877",-73.9698286,40.7560559
"878",-73.9836541,40.7814875
"879",-73.9623258,40.6111291
"880",-73.9585897,40.6484984
"881",-73.9208965,40.7629439
"882",-74.0631248,40.6097835
"883",-73.9772878,40.671776
"884",-73.996398,40.7200707
"885",-73.98494,40.7398869
"886",-73.9231962,40.7611784
"887",-73.8916183,40.8575387
"888",-73.8070647,40.7015661
"889",-73.968,40.762
"890",-73.8152941,40.7396513
"891",-73.8332358,40.8632477
"892",-73.9434176,40.6320897
"893",-73.9692136,40.7976317
"894",-73.9515267,40.7864032
"895",-73.942891,40.607241
"896",-74.0306069,40.6180063
"897",-73.8047246,40.7328495
"898",-73.845479,40.844184
"899",-73.9830882,40.7228109
"900",-73.9788317,40.7781074
"901",-73.9735762,40.74754
"902",-73.9442996,40.7229085
"903",-73.9816591,40.7747833
"904",-73.9926271,40.7417252
"905",-73.9837782,40.7388422
"906",-73.9538474,40.7108827
"907",-73.808241,40.701275
"908",-73.9578707,40.7175673
"909",-74.0122049,40.7048421
"910",-74.0082925,40.7124491
"911",-73.8519768,40.8730259
"912",-73.9418798,40.6001782
"913",-73.9906695,40.7504515
"914",-74.0153372,40.6406624
"915",-73.9821222,40.7324094
"916",-73.994306,40.7217095
"917",-73.7797958,40.7578844
"918",-73.836848,40.7178695
"919",-73.8425732,40.7191229
"920",-73.9169455,40.8287088
"921",-74.024403,40.6242961
"922",-74.0110733,40.6791664
"923",-73.8518088,40.6666923
"924",-73.9818137,40.6051761
"925",-73.928258,40.8624616
"926",-73.9428935,40.6076206
"927",-73.9742121,40.7504532
"928",-73.9241365,40.6637998
"929",-73.9240205,40.7611121
"930",-73.9852496,40.728143
"931",-73.9041189,40.9060386
"932",-74.0101588,40.7100042
"933",-73.9802839,40.6049816
"934",-73.9618541,40.7589285
"935",-73.9998923,40.7170858
"936",-73.9870734,40.763524
"937",-73.9219348,40.8185376
"938",-73.95332,40.6815268
"939",-73.9549467,40.8046486
"940",-73.8166776,40.7182983
"941",-73.8355829,40.7513702
"942",-74.0065325,40.638729
"943",-73.9189135,40.8358134
"944",-73.8746937,40.7344224
"945",-73.9697874,40.6435382
"946",-73.9070017,40.837283
"947",-73.7737426,40.7310716
"948",-73.9743547,40.7646095
"949",-74.0103648,40.7043378
"950",-73.9847617,40.7466013
"951",-73.843308,40.8793577
"952",-73.9009806,40.7464448
"953",-74.0121955,40.6366382
"954",-73.8963339,40.8673139
"955",-73.8653887,40.7358047
"956",-73.9430154,40.7893878
"957",-73.994269,40.694547
"958",-73.9695821,40.7667004
"959",-74.1616652,40.529491
"960",-73.8870805,40.8557741
"961",-73.9349559,40.6372195
"962",-73.9940649,40.7494185
"963",-73.820622,40.89017
"964",-73.8951173,40.8275791
"965",-73.9845326,40.7015705
"966",-73.9705679,40.7554239
"967",-73.9654397,40.7655464
"968",-74.1770445,40.5397312
"969",-73.9095376,40.7750964
"970",-73.990078,40.5994087
"971",-73.9803392,40.7800336
"972",-73.9044555,40.9066215
"973",-73.9681882,40.7561508
"974",-74.0307515,40.6158426
"975",-73.9252404,40.8273059
"976",-73.8447207,40.8431535
"977",-74.1263932,40.6126064
"978",-73.9798746,40.7271404
"979",-73.9884984,40.7595642
"980",-73.9929992,40.7239624
"981",-73.8607959,40.8864159
"982",-73.8638338,40.7373906
"983",-74.1161102,40.5736399
"984",-73.9511763,40.8249069
"985",-73.9827748,40.6737814
"986",-73.9095025,40.8861885
"987",-73.994686,40.575766
"988",-73.849684,40.710483
"989",-73.9743509,40.6755467
"990",-73.9771362,40.7526349
"991",-73.9501655,40.7076111
"992",-73.8049749,40.7091521
"993",-73.992642,40.616286
"994",-73.9818782,40.7299039
"995",-73.9957459,40.7371913
"996",-73.82023,40.6984011
"997",-73.9877035,40.6445851
"998",-73.9153367,40.7443454
"999",-73.972739,40.7630812
"1000",-73.9687981,40.7982465
"1001",-73.9403214,40.8367189
"1002",-73.9130935,40.7658249
"1003",-73.9430681,40.6048424
"1004",-74.0027036,40.7446757
"1005",-73.99826,40.7449136
"1006",-73.9931631,40.7246222
"1007",-73.9562241,40.7753318
"1008",-73.8931369,40.7544844
"1009",-73.9975368,40.7451707
"1010",-73.9532758,40.806208
"1011",-73.8545828,40.7421649
"1012",-74.0066538,40.734068
"1013",-73.9574369,40.7307067
"1014",-73.9805403,40.7389145
"1015",-73.9864073,40.7432981
"1016",-73.9510644,40.7120418
"1017",-74.0085984,40.7069068
"1018",-73.9716904,40.6765152
"1019",-73.8901964,40.7494545
"1020",-73.9614817,40.8123903
"1021",-73.9937772,40.722007
"1022",-73.8523355,40.7170456
"1023",-73.832319,40.8465581
"1024",-73.9889856,40.7552137
"1025",-74.0023751,40.6067505
"1026",-73.9866816,40.729946
"1027",-73.804332,40.7562798
"1028",-73.966832,40.7593142
"1029",-73.9209968,40.7450301
"1030",-73.8637812,40.8767291
"1031",-74.0058106,40.735066
"1032",-73.9363233,40.736208
"1033",-73.9879687,40.7587209
"1034",-73.9587141,40.7171308
"1035",-74.1228656,40.6132965
"1036",-73.9173226,40.8342908
"1037",-73.9944395,40.7181579
"1038",-73.9462467,40.6811343
"1039",-73.9170376,40.8788279
"1040",-73.9156998,40.7626109
"1041",-73.9369127,40.6687162
"1042",-73.9939538,40.6812717
"1043",-73.9940567,40.727229
"1044",-73.9210417,40.8668387
"1045",-73.9792113,40.7814331
"1046",-73.9743516,40.7919408
"1047",-73.9830854,40.7270359
"1048",-74.193654,40.539886
"1049",-73.9610072,40.8065685
"1050",-73.7868794,40.7636386
"1051",-73.8567074,40.7174831
"1052",-74.0096474,40.747623
"1053",-73.9184228,40.8464326
"1054",-73.929217,40.618567
"1055",-73.966419,40.712488
"1056",-73.9465966,40.7802574
"1057",-73.9535654,40.8063401
"1058",-73.990759,40.7175131
"1059",-73.8830989,40.8379329
"1060",-73.8274664,40.7623278
"1061",-73.990219,40.718826
"1062",-73.9589763,40.7806345
"1063",-73.9869603,40.6397202
"1064",-73.9904661,40.7155643
"1065",-73.7958416,40.7072905
"1066",-73.9888296,40.7591212
"1067",-74.0079954,40.7051404
"1068",-73.883294,40.756156
"1069",-74.1629434,40.5446356
"1070",-73.745218,40.678038
"1071",-73.887994,40.837693
"1072",-73.8107521,40.7313279
"1073",-73.8745238,40.7488236
"1074",-73.9898,40.726589
"1075",-74.1481845,40.6243659
"1076",-73.9881867,40.729377
"1077",-73.9559829,40.6815381
"1078",-73.9122668,40.6991957
"1079",-73.9143647,40.8151066
"1080",-73.8425364,40.8493385
"1081",-73.9829537,40.7605607
"1082",-73.9803234,40.779967
"1083",-73.8824881,40.7561577
"1084",-73.96335,40.7105502
"1085",-73.9129265,40.8386649
"1086",-74.0331186,40.619268
"1087",-74.1139822,40.6292018
"1088",-73.9633708,40.7623719
"1089",-73.9260653,40.8631039
"1090",-73.9737429,40.7482296
"1091",-73.9251935,40.861827
"1092",-74.00491,40.639378
"1093",-73.920497,40.7662657
"1094",-73.9880256,40.7652619
"1095",-73.8725994,40.6837332
"1096",-73.9511767,40.7748041
"1097",-73.8917473,40.8642718
"1098",-73.9954363,40.6791678
"1099",-73.9805153,40.6685832
"1100",-74.0085655,40.7136776
"1101",-73.9553624,40.8204466
"1102",-73.9225399,40.7530139
"1103",-73.9419752,40.6801601
"1104",-73.8967722,40.8166511
"1105",-73.895574,40.7328044
"1106",-73.7655268,40.6816601
"1107",-73.8949982,40.7507059
"1108",-73.9913623,40.692308
"1109",-73.8981918,40.8669953
"1110",-73.9812046,40.7247188
"1111",-74.0011515,40.7257961
"1112",-73.7118561,40.7367869
"1113",-73.88966,40.6578522
"1114",-73.9832469,40.7308591
"1115",-73.9480007,40.7834523
"1116",-73.9929175,40.7410469
"1117",-73.9696273,40.7580347
"1118",-74.0004938,40.718724
"1119",-73.9777436,40.7457678
"1120",-73.9759783,40.7858336
"1121",-73.959599,40.655949
"1122",-73.8978264,40.9052874
"1123",-73.9275346,40.6566726
"1124",-74.1245886,40.6316391
"1125",-73.951628,40.7237217
"1126",-73.9495935,40.7139248
"1127",-73.831461,40.706283
"1128",-73.8148918,40.7620515
"1129",-73.9830072,40.7422627
"1130",-74.1696294,40.5770016
"1131",-73.9414655,40.6178264
"1132",-73.9978202,40.7152074
"1133",-74.0063875,40.7318541
"1134",-73.7831254,40.8386404
"1135",-73.7912296,40.7261295
"1136",-73.8775621,40.7131043
"1137",-73.967978,40.6792487
"1138",-73.9826163,40.6652846
"1139",-73.8637843,40.7574466
"1140",-73.9979726,40.7183294
"1141",-73.815284,40.729916
"1142",-73.9472766,40.5775386
"1143",-73.8497782,40.9050431
"1144",-73.9858391,40.727506
"1145",-73.7932608,40.673836
"1146",-73.89528,40.7123104
"1147",-73.9133542,40.7629663
"1148",-73.9625052,40.7668083
"1149",-73.9388643,40.8475419
"1150",-73.7652557,40.669983
"1151",-73.8047658,40.7559818
"1152",-74.011544,40.706108
"1153",-73.9500062,40.7867285
"1154",-73.9735141,40.7901608
"1155",-73.7869581,40.6455447
"1156",-73.9798129,40.5757419
"1157",-73.9960282,40.7390255
"1158",-73.8326116,40.7159258
"1159",-73.9796373,40.7225684
"1160",-73.9596269,40.687632
"1161",-73.9411973,40.8410971
"1162",-73.8747611,40.7353074
"1163",-73.815453,40.689328
"1164",-73.9986611,40.7370515
"1165",-73.8692656,40.8346513
"1166",-73.8300877,40.8441572
"1167",-73.9700904,40.7603114
"1168",-73.8240582,40.8287
"1169",-73.9917766,40.7471514
"1170",-73.9845137,40.7597606
"1171",-73.8866261,40.6539376
"1172",-73.8312453,40.7007598
"1173",-73.9993408,40.7298997
"1174",-73.913121,40.70038
"1175",-74.0081372,40.7094669
"1176",-73.9903841,40.6002169
"1177",-73.9609879,40.778213
"1178",-73.9395929,40.7510523
"1179",-73.9077937,40.8362208
"1180",-73.9739303,40.7436256
"1181",-73.9677689,40.7666933
"1182",-73.9246334,40.7395416
"1183",-74.0113803,40.6333497
"1184",-73.990415,40.71985
"1185",-73.9853325,40.7216872
"1186",-73.9424413,40.7043878
"1187",-73.804259,40.762147
"1188",-74.0054553,40.7156648
"1189",-73.9210518,40.7559705
"1190",-73.9812369,40.740878
"1191",-73.9865257,40.763468
"1192",-73.957097,40.672215
"1193",-73.8344941,40.8380223
"1194",-73.7760837,40.6782006
"1195",-73.8551958,40.8356997
"1196",-73.998988,40.692337
"1197",-73.9031161,40.7457287
"1198",-73.9549479,40.7961314
"1199",-73.9978322,40.5985843
"1200",-74.0305285,40.6251609
"1201",-73.9560095,40.6477533
"1202",-73.8310924,40.8476756
"1203",-73.7972539,40.7405664
"1204",-73.9424435,40.7468029
"1205",-73.9892498,40.7601055
"1206",-73.9803604,40.7777637
"1207",-73.9257715,40.652423
"1208",-74.0007368,40.7299987
"1209",-73.9246645,40.81222
"1210",-73.9480495,40.6398755
"1211",-73.9785504,40.604762
"1212",-73.9925795,40.7308572
"1213",-73.9847682,40.7523955
"1214",-73.9537455,40.775547
"1215",-73.768428,40.759313
"1216",-73.9719843,40.7934623
"1217",-73.9833833,40.7253992
"1218",-74.0007236,40.7309706
"1219",-73.9456747,40.7465882
"1220",-73.8098867,40.7569052
"1221",-73.9973581,40.6746533
"1222",-73.953694,40.7429739
"1223",-73.8227612,40.7649941
"1224",-73.9691467,40.764497
"1225",-73.8732772,40.878589
"1226",-73.9537967,40.7444777
"1227",-74.0005579,40.5953468
"1228",-73.9824002,40.7424063
"1229",-73.9191416,40.6990753
"1230",-73.98063,40.756473
"1231",-73.9859237,40.7504789
"1232",-73.9868082,40.7400682
"1233",-73.9255713,40.6700105
"1234",-73.9860442,40.7181468
"1235",-74.0075748,40.7073923
"1236",-73.9274172,40.8659948
"1237",-73.736292,40.713213
"1238",-73.911866,40.774797
"1239",-73.7964833,40.7034826
"1240",-73.920757,40.772171
"1241",-74.0123928,40.7048111
"1242",-73.9895993,40.7699403
"1243",-73.8675389,40.8977829
"1244",-73.88732,40.856271
"1245",-74.0117351,40.6365405
"1246",-73.9520269,40.7426386
"1247",-73.9889219,40.7293891
"1248",-74.2162672,40.5234009
"1249",-74.0057019,40.7313627
"1250",-73.8958521,40.8689487
"1251",-73.9745971,40.7501862
"1252",-73.8136906,40.7626003
"1253",-73.8672952,40.8579768
"1254",-73.9796944,40.6687284
"1255",-74.0011232,40.7295261
"1256",-73.9340869,40.8027079
"1257",-73.8831292,40.6468766
"1258",-73.9945874,40.6407156
"1259",-73.9852799,40.6055046
"1260",-74.027071,40.632445
"1261",-73.8966172,40.8206682
"1262",-73.990259,40.715183
"1263",-73.8135166,40.718924
"1264",-73.9299438,40.6937439
"1265",-73.8835059,40.8456604
"1266",-73.9559804,40.771569
"1267",-73.8497605,40.7323333
"1268",-73.9426179,40.7997213
"1269",-73.9403541,40.5910032
"1270",-73.9208383,40.6413488
"1271",-73.902961,40.878459
"1272",-73.9829296,40.7656519
"1273",-73.9606894,40.5877843
"1274",-73.9847934,40.6713547
"1275",-73.949019,40.8074114
"1276",-73.8020698,40.7805701
"1277",-73.979792,40.7266432
"1278",-73.9489861,40.6438506
"1279",-73.9304147,40.6540668
"1280",-73.9044863,40.8789689
"1281",-73.9066413,40.668128
"1282",-73.9626687,40.6764978
"1283",-73.7827852,40.7126304
"1284",-73.9792246,40.6786299
"1285",-73.9507765,40.775633
"1286",-73.8647059,40.7103962
"1287",-73.9041229,40.8153557
"1288",-73.7957722,40.6882589
"1289",-73.8022353,40.7072885
"1290",-73.950847,40.8111455
"1291",-73.9226163,40.7404853
"1292",-74.0011067,40.7365117
"1293",-74.0004911,40.7117266
"1294",-73.9733874,40.7525325
"1295",-73.9838669,40.7658121
"1296",-73.9894083,40.7436986
"1297",-74.1468515,40.6321037
"1298",-73.7314393,40.7519909
"1299",-73.9825025,40.6796075
"1300",-73.950219,40.723103
"1301",-74.0685486,40.5927051
"1302",-74.0041407,40.7308299
"1303",-73.7781391,40.6413111
"1304",-73.995987,40.7645693
"1305",-73.8966524,40.8162031
"1306",-73.9418677,40.8126047
"1307",-73.7541896,40.5965047
"1308",-73.947452,40.7071619
"1309",-73.9813909,40.7444941
"1310",-73.9523937,40.6506762
"1311",-74.0152919,40.715015
"1312",-73.9550604,40.779953
"1313",-73.7831254,40.7020409
"1314",-73.864105,40.8544294
"1315",-73.9922158,40.6844935
"1316",-73.8802254,40.7416282
"1317",-73.9278244,40.6256513
"1318",-73.976591,40.7511977
"1319",-73.9564934,40.5822032
"1320",-73.8228302,40.8268764
"1321",-73.9143413,40.7540356
"1322",-73.9125547,40.7664824
"1323",-73.984111,40.7568471
"1324",-73.7401309,40.6359265
"1325",-73.9019161,40.8199807
"1326",-73.9404095,40.6798902
"1327",-74.0033492,40.7408127
"1328",-73.9673998,40.802516
"1329",-73.9387633,40.8368457
"1330",-73.963198,40.7694587
"1331",-73.9487179,40.5994799
"1332",-73.8909886,40.7432982
"1333",-73.9041142,40.9057642
"1334",-74.002147,40.6250816
"1335",-73.9915678,40.7487393
"1336",-73.9968647,40.7530594
"1337",-73.9240788,40.5860339
"1338",-73.9400309,40.6998745
"1339",-73.8496466,40.7589532
"1340",-73.822915,40.686426
"1341",-73.9838715,40.6677559
"1342",-73.9674433,40.697398
"1343",-74.1471006,40.6248909
"1344",-73.9368744,40.8443933
"1345",-73.9336826,40.6323414
"1346",-73.9601386,40.5810856
"1347",-73.8497176,40.8304811
"1348",-73.9110124,40.6949182
"1349",-73.9899536,40.7484905
"1350",-74.0096653,40.735214
"1351",-73.9946232,40.680253
"1352",-74.0132893,40.6768414
"1353",-73.9586967,40.7805119
"1354",-73.8153212,40.7402954
"1355",-73.929533,40.75625
"1356",-73.8778161,40.8728542
"1357",-73.9362545,40.8146496
"1358",-73.8899768,40.747238
"1359",-73.9198364,40.8348717
"1360",-73.957524,40.6085204
"1361",-73.9434999,40.6513245
"1362",-73.881107,40.756273
"1363",-73.9843924,40.6630739
"1364",-73.9946739,40.7286287
"1365",-73.9551737,40.7224373
"1366",-73.99899,40.7152328
"1367",-73.8267061,40.7590045
"1368",-73.7863399,40.8463446
"1369",-73.807005,40.6745919
"1370",-73.9507548,40.786108
"1371",-73.9918198,40.7173334
"1372",-73.8528492,40.6935867
"1373",-73.9593719,40.6085437
"1374",-73.9981627,40.7457405
"1375",-74.0073462,40.7168427
"1376",-73.9483762,40.8241955
"1377",-73.9530489,40.587477
"1378",-73.9220223,40.8406933
"1379",-73.9837818,40.7239938
"1380",-73.9934292,40.7311439
"1381",-73.881166,40.756141
"1382",-73.9982001,40.7344108
"1383",-73.91623,40.820029
"1384",-73.9646453,40.6236779
"1385",-73.8887957,40.8439812
"1386",-73.9896812,40.7335742
"1387",-73.983522,40.7642452
"1388",-74.0260817,40.622054
"1389",-73.949916,40.651219
"1390",-73.9336783,40.6001292
"1391",-73.8695707,40.6769692
"1392",-74.0096238,40.7195868
"1393",-73.9038076,40.6221792
"1394",-73.9880018,40.7642804
"1395",-74.0878467,40.6089437
"1396",-73.9863899,40.6648302
"1397",-73.9934774,40.7567462
"1398",-74.0175481,40.7113038
"1399",-73.8376327,40.7181742
"1400",-74.0043525,40.7236469
"1401",-73.918918,40.8463825
"1402",-73.9933619,40.7197427
"1403",-73.9474461,40.7882242
"1404",-73.9875011,40.7222166
"1405",-73.9476258,40.824841
"1406",-73.9983834,40.7373141
"1407",-73.951739,40.8098099
"1408",-73.8772949,40.8712454
"1409",-74.0019653,40.739237
"1410",-74.0065609,40.7099264
"1411",-73.8612337,40.6792312
"1412",-73.9266496,40.8630987
"1413",-73.9026454,40.6456823
"1414",-73.9635289,40.7188272
"1415",-73.9341841,40.8027402
"1416",-74.0090777,40.7190816
"1417",-73.9046306,40.8797232
"1418",-73.913308,40.775018
"1419",-73.8786022,40.8288725
"1420",-74.1279156,40.5755572
"1421",-73.8299817,40.8518816
"1422",-73.9006524,40.6765666
"1423",-73.9010619,40.8201876
"1424",-73.9789934,40.7284543
"1425",-73.9753571,40.7867787
"1426",-73.794186,40.7630109
"1427",-73.9817189,40.7413831
"1428",-73.9375073,40.6348662
"1429",-73.960026,40.718055
"1430",-73.9847323,40.7225742
"1431",-73.8622572,40.7575671
"1432",-73.9369086,40.6913976
"1433",-73.9902924,40.7621173
"1434",-73.9650348,40.754899
"1435",-73.9183819,40.8183719
"1436",-74.0065674,40.7303199
"1437",-73.9197888,40.7023278
"1438",-73.8998991,40.696479
"1439",-73.9542733,40.731759
"1440",-73.9828336,40.7224106
"1441",-73.9121355,40.6998817
"1442",-73.97237,40.76225
"1443",-73.9874901,40.7282691
"1444",-73.827522,40.8820918
"1445",-73.737279,40.729016
"1446",-73.9769071,40.757038
"1447",-73.9746687,40.7886791
"1448",-73.989708,40.7196907
"1449",-74.0116658,40.6435646
"1450",-73.8951249,40.7542699
"1451",-73.8370636,40.7659058
"1452",-73.8418982,40.680488
"1453",-73.933092,40.849632
"1454",-74.0012293,40.6061136
"1455",-73.8687032,40.7621114
"1456",-74.0028505,40.730013
"1457",-73.8956897,40.8669932
"1458",-73.8584593,40.8935784
"1459",-73.86224,40.750305
"1460",-73.9860601,40.7185295
"1461",-74.0271446,40.6337607
"1462",-73.9053884,40.7730665
"1463",-73.9818092,40.7600994
"1464",-73.7781391,40.6413111
"1465",-73.9476417,40.7114709
"1466",-73.8175158,40.7077731
"1467",-73.7890212,40.757621
"1468",-73.7602687,40.7203827
"1469",-73.9781246,40.7587395
"1470",-73.9893222,40.7295826
"1471",-73.9225129,40.7090166
"1472",-74.0768044,40.6422101
"1473",-73.9012666,40.6445238
"1474",-73.8708165,40.7445574
"1475",-73.8640933,40.7499137
"1476",-73.932291,40.6421672
"1477",-73.9784442,40.7555254
"1478",-73.8979631,40.8468387
"1479",-73.8393608,40.6552173
"1480",-73.792557,40.710645
"1481",-73.779082,40.6653776
"1482",-73.901622,40.838107
"1483",-73.9550136,40.7206154
"1484",-73.9868587,40.7669315
"1485",-73.8321798,40.7615159
"1486",-73.9810285,40.7572615
"1487",-73.8959679,40.7366203
"1488",-74.1437482,40.6341569
"1489",-73.985741,40.722516
"1490",-73.9963118,40.72346
"1491",-73.8837873,40.7332085
"1492",-73.9410196,40.7011337
"1493",-73.9737195,40.685812
"1494",-74.0155985,40.7105299
"1495",-73.9837861,40.5960882
"1496",-74.0046585,40.7091327
"1497",-73.9685278,40.7542526
"1498",-73.9752822,40.6826571
"1499",-73.9935006,40.748336
"1500",-73.9957591,40.6878046
"1501",-73.934014,40.6675991
"1502",-73.7801249,40.6663343
"1503",-74.0970553,40.6445602
"1504",-73.9451083,40.7172161
"1505",-73.987424,40.7547158
"1506",-73.899778,40.6360412
"1507",-73.9826923,40.7420798
"1508",-73.7713872,40.7648925
"1509",-73.9568282,40.8019091
"1510",-73.8503477,40.9039105
"1511",-73.960244,40.675246
"1512",-73.9276705,40.6262885
"1513",-73.9876783,40.7378436
"1514",-74.0155067,40.7155337
"1515",-73.9905088,40.7143259
"1516",-73.9252904,40.828054
"1517",-74.2212482,40.5494717
"1518",-73.915351,40.743491
"1519",-73.9430203,40.7075674
"1520",-74.002057,40.6251686
"1521",-73.9160418,40.7641774
"1522",-73.908864,40.8231899
"1523",-74.0124024,40.7168039
"1524",-74.0000523,40.7284753
"1525",-74.0285386,40.6289813
"1526",-73.8942174,40.7263012
"1527",-74.0086128,40.7073556
"1528",-74.0061844,40.7050863
"1529",-73.7612709,40.695757
"1530",-73.9879186,40.7213847
"1531",-74.1218479,40.608629
"1532",-73.8257186,40.7588148
"1533",-73.9431911,40.7054035
"1534",-73.9758338,40.6873081
"1535",-73.9867935,40.72209
"1536",-73.9557899,40.7091666
"1537",-73.9893207,40.7257346
"1538",-73.8677642,40.7571937
"1539",-73.9729904,40.6875956
"1540",-73.986104,40.7269426
"1541",-73.9587555,40.7066124
"1542",-73.8955057,40.7028232
"1543",-73.9830291,40.7385113
"1544",-73.8594916,40.8890208
"1545",-73.8865811,40.7012838
"1546",-73.9143904,40.76032
"1547",-73.9697968,40.7597355
"1548",-73.98995,40.7626454
"1549",-73.9885398,40.7686308
"1550",-73.9645984,40.6831695
"1551",-74.212501,40.5512508
"1552",-73.9982425,40.7298729
"1553",-73.9763839,40.6728257
"1554",-73.9045235,40.862999
"1555",-73.9993027,40.6835003
"1556",-73.9901381,40.7625653
"1557",-73.9779774,40.7790085
"1558",-73.9830476,40.764892
"1559",-73.9863282,40.7299088
"1560",-73.9992861,40.7145687
"1561",-73.9655812,40.5854896
"1562",-73.8309079,40.6846212
"1563",-73.8082319,40.700688
"1564",-82.0397234,40.4565494
"1565",-73.8282212,40.7127842
"1566",-74.1470816,40.5588564
"1567",-73.8127174,40.5875742
"1568",-73.840374,40.683319
"1569",-73.7896157,40.7666113
"1570",-73.9746386,40.7882319
"1571",-73.9837397,40.7574076
"1572",-73.9377855,40.801592
"1573",-73.9376142,40.8186746
"1574",-73.9079746,40.7046358
"1575",-73.7095945,40.7372671
"1576",-73.9867303,40.6923267
"1577",-73.867396,40.703241
"1578",-73.95956,40.73317
"1579",-73.829897,40.7135219
"1580",-73.9917284,40.6904202
"1581",-73.8691296,40.7569888
"1582",-73.957332,40.7706207
"1583",-74.0060591,40.7064287
"1584",-73.9558523,40.5919797
"1585",-73.992455,40.7594101
"1586",-73.9257016,40.700274
"1587",-73.9572071,40.7288735
"1588",-73.99259,40.725475
"1589",-73.9881794,40.7271171
"1590",-73.9950841,40.7435593
"1591",-73.975409,40.6873454
"1592",-73.9946633,40.7232848
"1593",-73.9891026,40.6198876
"1594",-73.993836,40.6944743
"1595",-73.7881149,40.7576148
"1596",-73.8792148,40.8751011
"1597",-73.9848739,40.663293
"1598",-73.8030487,40.7613075
"1599",-73.9951129,40.7522573
"1600",-73.9148482,40.7644099
"1601",-73.9222281,40.7033323
"1602",-73.8239191,40.6860935
"1603",-73.7948425,40.7728994
"1604",-73.9774306,40.7608702
"1605",-73.9939725,40.608983
"1606",-74.0283135,40.6294318
"1607",-73.9746086,40.6865794
"1608",-73.9884489,40.7616404
"1609",-73.9821782,40.6586274
"1610",-74.003165,40.748505
"1611",-73.9542378,40.7431514
"1612",-73.9977639,40.7542733
"1613",-73.986858,40.7616668
"1614",-73.8071128,40.7634354
"1615",-73.947874,40.5888534
"1616",-73.9179922,40.7434375
"1617",-73.8546529,40.8545093
"1618",-73.9639617,40.8091347
"1619",-73.9237779,40.8426183
"1620",-73.867028,40.86457
"1621",-73.7968201,40.7626204
"1622",-73.9656428,40.7601091
"1623",-73.9931645,40.7400645
"1624",-73.8758776,40.7350804
"1625",-73.9368744,40.8443933
"1626",-73.7981019,40.6913566
"1627",-73.9431984,40.711985
"1628",-74.031272,40.6236907
"1629",-73.9779537,40.6804464
"1630",-74.0007114,40.7293978
"1631",-73.7708157,40.7638172
"1632",-73.9353025,40.6830882
"1633",-74.0080543,40.646968
"1634",-74.1459372,40.5418409
"1635",-73.926578,40.7628026
"1636",-73.8360696,40.7690086
"1637",-73.8739659,40.7769271
"1638",-74.0045816,40.6400048
"1639",-73.9583298,40.7217526
"1640",-73.779098,40.7206368
"1641",-73.8917985,40.8621617
"1642",-73.9834922,40.7267017
"1643",-74.1239212,40.6339156
"1644",-73.9878021,40.7381237
"1645",-73.9290108,40.6838665
"1646",-73.9886085,40.7685815
"1647",-73.9441826,40.7147291
"1648",-73.9183105,40.8390103
"1649",-73.9968989,40.7185289
"1650",-73.9815835,40.6585596
"1651",-74.0120353,40.7053419
"1652",-73.884064,40.7472617
"1653",-73.9883289,40.7321672
"1654",-73.9864332,40.7489371
"1655",-73.9574532,40.7121817
"1656",-73.9058659,40.7456127
"1657",-73.8732586,40.7607766
"1658",-74.0038191,40.7323382
"1659",-73.917332,40.742435
"1660",-73.9164069,40.8186565
"1661",-73.9883277,40.6663592
"1662",-74.0064306,40.744093
"1663",-73.8040263,40.7615859
"1664",-73.9845147,40.7251929
"1665",-73.9067479,40.7702837
"1666",-73.9748908,40.7530692
"1667",-73.8425625,40.68089
"1668",-73.9051582,40.6215766
"1669",-73.9535873,40.7293121
"1670",-73.9409746,40.7117135
"1671",-73.8388645,40.8808028
"1672",-73.9736927,40.6794123
"1673",-73.7721726,40.7663427
"1674",-73.9338265,40.7039189
"1675",-73.8887706,40.8529248
"1676",-73.9013842,40.8630529
"1677",-73.9651722,40.7557877
"1678",-73.9902436,40.7330035
"1679",-73.9800282,40.7578775
"1680",-73.9192199,40.7045182
"1681",-73.8135334,40.762449
"1682",-73.9510279,40.7113966
"1683",-73.9854218,40.7466242
"1684",-73.841508,40.695505
"1685",-73.9931114,40.7408053
"1686",-73.9981965,40.750398
"1687",-73.9571209,40.7771463
"1688",-73.9217967,40.8677162
"1689",-73.9923859,40.7473771
"1690",-73.906064,40.8037149
"1691",-73.9235055,40.7402356
"1692",-74.0038111,40.7225856
"1693",-74.006155,40.736362
"1694",-73.9865813,40.7449512
"1695",-73.9126171,40.614722
"1696",-73.9769282,40.6728974
"1697",-73.9749168,40.7602806
"1698",-74.1076656,40.6453923
"1699",-73.9523979,40.7773907
"1700",-73.9624161,40.7131783
"1701",-74.125248,40.6337
"1702",-74.0217923,40.6449116
"1703",-73.9736165,40.7483792
"1704",-73.9722185,40.7919002
"1705",-73.9132845,40.6786799
"1706",-73.7757232,40.673004
"1707",-74.0015753,40.7215003
"1708",-73.9516612,40.7256147
"1709",-73.780533,40.729639
"1710",-73.9800897,40.5758281
"1711",-73.9875716,40.7248378
"1712",-73.9752933,40.7591559
"1713",-74.1163932,40.6290645
"1714",-74.0065892,40.6386868
"1715",-73.9512636,40.7103737
"1716",-73.9732802,40.7523808
"1717",-73.9839938,40.7660956
"1718",-73.9552397,40.7723006
"1719",-73.8832285,40.7500626
"1720",-73.7922069,40.7107537
"1721",-73.8888083,40.7014571
"1722",-73.8936662,40.6763053
"1723",-73.9898775,40.6879124
"1724",-73.9763424,40.7520393
"1725",-73.978076,40.7452802
"1726",-73.8140835,40.763422
"1727",-73.9544931,40.7329212
"1728",-73.989469,40.7441596
"1729",-73.9885633,40.7234639
"1730",-73.9519184,40.7759981
"1731",-73.973606,40.6549546
"1732",-73.968134,40.7598639
"1733",-73.9840307,40.7594804
"1734",-73.994661,40.6020872
"1735",-73.9725685,40.6040009
"1736",-73.9544181,40.5949216
"1737",-73.940172,40.793151
"1738",-73.9336369,40.6770071
"1739",-74.0763724,40.6299226
"1740",-74.0072214,40.7102649
"1741",-73.94035,40.8366053
"1742",-73.8136925,40.7188825
"1743",-73.9818968,40.6137163
"1744",-74.0224447,40.6305569
"1745",-74.0133088,40.6419797
"1746",-74.0020502,40.738111
"1747",-73.959249,40.768076
"1748",-73.9400379,40.6992652
"1749",-73.874594,40.7419743
"1750",-73.9075318,40.7600855
"1751",-73.9819757,40.7595452
"1752",-73.9131851,40.6455072
"1753",-73.867382,40.752237
"1754",-73.9817031,40.6878717
"1755",-73.8696987,40.6732312
"1756",-73.9724686,40.7944285
"1757",-73.9885468,40.7635307
"1758",-73.9405525,40.8252386
"1759",-73.9839519,40.7304212
"1760",-73.9311412,40.7696902
"1761",-73.9143902,40.7790622
"1762",-73.9853333,40.7323398
"1763",-73.9774703,40.7221742
"1764",-73.9610995,40.7085798
"1765",-73.9877072,40.7218371
"1766",-73.9679559,40.6394247
"1767",-73.7560462,40.7485801
"1768",-73.80443,40.7328697
"1769",-73.9670733,40.7989195
"1770",-73.927295,40.7724
"1771",-73.831122,40.6997438
"1772",-73.7794456,40.6787423
"1773",-73.982238,40.6127151
"1774",-73.9516667,40.5851522
"1775",-73.948949,40.6343605
"1776",-73.9890099,40.7600118
"1777",-73.83517,40.707507
"1778",-73.9067813,40.8774338
"1779",-73.9587963,40.7746541
"1780",-74.2167777,40.5211829
"1781",-73.956273,40.6761089
"1782",-74.00536,40.7260191
"1783",-73.9893445,40.7601962
"1784",-73.9946908,40.6853646
"1785",-73.789762,40.7612529
"1786",-73.9919204,40.7347597
"1787",-74.001043,40.729795
"1788",-74.0018871,40.7267243
"1789",-73.9909175,40.7450001
"1790",-73.8654394,40.7367496
"1791",-73.9534433,40.7424728
"1792",-73.9787077,40.7294217
"1793",-73.957714,40.7661653
"1794",-73.9675461,40.8010205
"1795",-73.8064753,40.6980292
"1796",-73.9904645,40.7187154
"1797",-73.9333658,40.8494017
"1798",-73.9739339,40.7437011
"1799",-73.8655196,40.7529802
"1800",-73.9056045,40.7003594
"1801",-74.0268038,40.6212596
"1802",-73.8089884,40.6929195
"1803",-73.8970888,40.8609716
"1804",-73.967532,40.80012
"1805",-73.9831287,40.673322
"1806",-73.9458469,40.8067572
"1807",-73.954831,40.7224582
"1808",-73.8310765,40.6849728
"1809",-73.8310178,40.8478553
"1810",-74.0017735,40.7282564
"1811",-73.9784936,40.7249779
"1812",-73.8864327,40.7495332
"1813",-73.939588,40.8514729
"1814",-73.8404569,40.6601657
"1815",-73.8498075,40.6797433
"1816",-73.8892574,40.7014198
"1817",-73.9872525,40.7196431
"1818",-73.9879296,40.7232424
"1819",-73.9821899,40.638145
"1820",-73.9157444,40.6884157
"1821",-73.8771249,40.7373229
"1822",-73.987468,40.7659387
"1823",-73.9914759,40.7645799
"1824",-73.8370286,40.6817591
"1825",-73.9811731,40.7567065
"1826",-74.0956536,40.5829195
"1827",-73.7399796,40.7256224
"1828",-86.1077265,32.2819099
"1829",-73.9737248,40.7583085
"1830",-73.9985949,40.6761901
"1831",-73.9177602,40.7462944
"1832",-73.958077,40.7220278
"1833",-73.9874082,40.7368563
"1834",-73.9569778,40.6425282
"1835",-73.80197,40.7605585
"1836",-73.9722118,40.7561148
"1837",-73.831524,40.889467
"1838",-73.9923517,40.7272403
"1839",-73.9222534,40.7713784
"1840",-73.7088088,40.7374458
"1841",-74.0054275,40.7333981
"1842",-73.913846,40.76572
"1843",-73.9184498,40.8165337
"1844",-73.993348,40.763101
"1845",-74.0065345,40.734193
"1846",-73.9136068,40.7653024
"1847",-73.989852,40.7167281
"1848",-73.8137896,40.7881897
"1849",-73.9387179,40.8467302
"1850",-73.9616594,40.600037
"1851",-73.8608026,40.6802019
"1852",-73.9571026,40.7749659
"1853",-73.9680291,40.7559904
"1854",-74.1158585,40.6293044
"1855",-73.97971,40.6428703
"1856",-73.9832105,40.7642063
"1857",-73.9308013,40.6746349
"1858",-73.8540641,40.7421406
"1859",-74.0768379,40.6299324
"1860",-73.9822971,40.7468631
"1861",-73.998751,40.7398578
"1862",-73.8818815,40.7498856
"1863",-73.7391028,40.6759102
"1864",-73.8292993,40.7472848
"1865",-73.9807881,40.7389512
"1866",-73.9864666,40.7424033
"1867",-73.9479838,40.6335771
"1868",-73.833175,40.761058
"1869",-73.8701747,40.7510269
"1870",-73.9496809,40.7772573
"1871",-73.8799314,40.7477785
"1872",-73.9485867,40.6507432
"1873",-73.9825697,40.769258
"1874",-73.916144,40.694981
"1875",-73.8202757,40.5984711
"1876",-73.9896441,40.7582465
"1877",-73.9629931,40.7742972
"1878",-73.9161079,40.6770127
"1879",-73.9348136,40.8450181
"1880",-73.89677,40.7461149
"1881",-73.9868899,40.7644963
"1882",-73.9739606,40.7520891
"1883",-73.8107464,40.7314642
"1884",-73.9254325,40.7519863
"1885",-73.9838583,40.7275882
"1886",-73.8477116,40.7236856
"1887",-73.8077019,40.7005185
"1888",-73.9903667,40.6605595
"1889",-73.9951728,40.7642236
"1890",-73.9164642,40.7694599
"1891",-73.9284055,40.8068475
"1892",-73.7847208,40.758116
"1893",-73.9546481,40.717011
"1894",-73.9140921,40.7142158
"1895",-73.8822859,40.671088
"1896",-74.1114962,40.5693497
"1897",-73.9700383,40.7594916
"1898",-73.9470909,40.6322823
"1899",-73.940656,40.792141
"1900",-73.9603775,40.5910115
"1901",-73.7906703,40.7257767
"1902",-73.8315499,40.764769
"1903",-73.986821,40.7328875
"1904",-73.8829256,40.7497539
"1905",-73.780546,40.729075
"1906",-73.9843237,40.7269605
"1907",-73.9854427,40.74571
"1908",-73.9844837,40.5768644
"1909",-73.9441172,40.814912
"1910",-73.988838,40.7478818
"1911",-73.9041701,40.7215377
"1912",-73.8993323,40.6421041
"1913",-73.7356873,40.7129784
"1914",-73.8893567,40.7492206
"1915",-73.880371,40.747748
"1916",-73.9583491,40.6818945
"1917",-74.0093088,40.6490562
"1918",-73.9126816,40.8435615
"1919",-73.9187436,40.7042469
"1920",-73.9511312,40.826158
"1921",-73.9727521,40.60913
"1922",-73.9794773,40.7370237
"1923",-73.9315396,40.6596257
"1924",-73.9541816,40.7425822
"1925",-73.9860031,40.7620089
"1926",-74.0019397,40.707871
"1927",-73.9939535,40.7460757
"1928",-73.900834,40.8219878
"1929",-74.0097399,40.7069547
"1930",-74.0051353,40.7081169
"1931",-73.9978072,40.7188298
"1932",-73.991712,40.755229
"1933",-73.9633728,40.6747777
"1934",-73.82859,40.757634
"1935",-73.7574422,40.7486517
"1936",-73.8882463,40.8550383
"1937",-73.9895393,40.7291156
"1938",-73.9625845,40.7159815
"1939",-73.9540815,40.779134
"1940",-73.9889175,40.7213967
"1941",-74.0008942,40.7347337
"1942",-73.984146,40.7260759
"1943",-73.9200622,40.8610637
"1944",-73.9941627,40.6602962
"1945",-73.9195999,40.7586352
"1946",-73.9991265,40.7335762
"1947",-73.9420945,40.6002227
"1948",-73.8622722,40.6798768
"1949",-74.0725262,40.644212
"1950",-73.9424033,40.6642084
"1951",-73.9545988,40.8212513
"1952",-73.9494634,40.6805429
"1953",-73.94946,40.7803979
"1954",-74.000889,40.657191
"1955",-73.9595718,40.7178522
"1956",-73.9215378,40.8104528
"1957",-73.9301087,40.8217061
"1958",-73.9164774,40.8414854
"1959",-73.9011328,40.8563138
"1960",-73.730458,40.6918312
"1961",-73.9645479,40.6230372
"1962",-73.9924844,40.7399769
"1963",-74.0008931,40.7357916
"1964",-74.127252,40.6125563
"1965",-73.9846167,40.7437887
"1966",-74.0023126,40.7075822
"1967",-73.9222874,40.673887
"1968",-73.9875836,40.7627665
"1969",-73.8563707,40.6722175
"1970",-73.9867455,40.7660254
"1971",-73.9781908,40.6706427
"1972",-73.9257779,40.741665
"1973",-73.9552453,40.8050234
"1974",-73.9119167,40.636822
"1975",-73.7827012,40.7082455
"1976",-73.9620515,40.8100006
"1977",-73.9877989,40.7197418
"1978",-73.9759128,40.7493063
"1979",-73.9753572,40.6869841
"1980",-73.9559041,40.8044366
"1981",-73.7997844,40.704201
"1982",-73.840395,40.6627264
"1983",-73.9885373,40.7697239
"1984",-73.9971752,40.7363362
"1985",-73.9963024,40.7597852
"1986",-73.8103005,40.7643006
"1987",-74.0059606,40.7274223
"1988",-74.0077811,40.7110299
"1989",-73.810721,40.764274
"1990",-73.9959874,40.7196915
"1991",-73.970011,40.7601303
"1992",-73.9085321,40.7749061
"1993",-73.9985722,40.715119
"1994",-74.0055455,40.6556252
"1995",-74.0030813,40.684708
"1996",-73.7076515,40.7495649
"1997",-73.9651112,40.7603679
"1998",-73.9981878,40.7563067
"1999",-74.0047587,40.7297773
"2000",-73.9858609,40.7442587
"2001",-73.9759022,40.7526842
"2002",-73.9866244,40.7483116
"2003",-73.999482,40.730538
"2004",-73.9885554,40.7366011
"2005",-73.9267919,40.6992305
"2006",-73.9096138,40.7696655
"2007",-73.8335933,40.7559123
"2008",-73.8846927,40.8738266
"2009",-73.8618097,40.9009334
"2010",-73.983043,40.7645319
"2011",-73.9515582,40.7873035
"2012",-73.9900553,40.7608749
"2013",-73.9608047,40.7126776
"2014",-73.9864211,40.6614016
"2015",-73.981988,40.6136119
"2016",-73.9700467,40.7600127
"2017",-73.9960178,40.7222005
"2018",-74.0050212,40.7290116
"2019",-74.0048148,40.7408932
"2020",-73.8766447,40.829254
"2021",-73.9856279,40.7405233
"2022",-73.8721827,40.7534696
"2023",-73.8046784,40.6743908
"2024",-73.8437057,40.8562721
"2025",-73.9490488,40.6436635
"2026",-74.1033838,40.5760758
"2027",-73.9503427,40.6690634
"2028",-73.968717,40.7995038
"2029",-73.939381,40.7912309
"2030",-73.9107439,40.776487
"2031",-73.9937397,40.6822422
"2032",-73.9883848,40.7211971
"2033",-73.9913527,40.7250333
"2034",-73.9745136,40.7588164
"2035",-73.9497679,40.6505593
"2036",-73.9248489,40.8624016
"2037",-73.8872637,40.8373808
"2038",-73.9111345,40.6999256
"2039",-73.9790168,40.7454813
"2040",-73.994825,40.7142301
"2041",-73.7787842,40.7786934
"2042",-73.9301107,40.7006887
"2043",-73.9621627,40.7756461
"2044",-73.957462,40.6431444
"2045",-73.97301,40.760298
"2046",-73.9921666,40.7469719
"2047",-74.0849579,40.6153882
"2048",-73.9880698,40.7652022
"2049",-73.8619976,40.6923382
"2050",-73.9487765,40.7125352
"2051",-73.8297942,40.8646574
"2052",-74.0293261,40.628286
"2053",-73.7373937,40.6676058
"2054",-73.99383,40.71184
"2055",-73.9127647,40.8201711
"2056",-73.9896366,40.7467274
"2057",-74.0117032,40.6334314
"2058",-74.0238947,40.6455096
"2059",-74.1423318,40.6244868
"2060",-73.8892558,40.8482372
"2061",-73.962235,40.719413
"2062",-74.001523,40.7319531
"2063",-74.112758,40.5833299
"2064",-74.0778206,40.6437416
"2065",-73.8895126,40.7473052
"2066",-73.9924354,40.7254802
"2067",-73.9743037,40.7637525
"2068",-74.026261,40.621832
"2069",-73.9657247,40.7617851
"2070",-73.9840252,40.7520636
"2071",-74.0112637,40.6440062
"2072",-73.9678766,40.7105383
"2073",-73.971319,40.7630153
"2074",-73.9832694,40.7423842
"2075",-73.8271162,40.753275
"2076",-74.0334875,40.6181131
"2077",-73.9776856,40.7499
"2078",-73.9557931,40.7078779
"2079",-74.0012535,40.6231213
"2080",-73.9908125,40.6114016
"2081",-73.7994425,40.6676621
"2082",-73.938824,40.84651
"2083",-73.9918012,40.7256599
"2084",-73.8309735,40.6996605
"2085",-73.8866535,40.755667
"2086",-73.8367363,40.6823335
"2087",-73.9321666,40.6632351
"2088",-73.7665269,40.760932
"2089",-73.9537599,40.7713386
"2090",-73.9975439,40.7145761
"2091",-73.926661,40.6521679
"2092",-74.1506081,40.5514034
"2093",-73.9927951,40.7541547
"2094",-73.8318065,40.6785115
"2095",-73.9675894,40.760572
"2096",-74.0097482,40.6357998
"2097",-73.8670028,40.8979693
"2098",-74.0056167,40.7330743
"2099",-73.833287,40.67885
"2100",-73.9436044,40.700663
"2101",-73.947887,40.781805
"2102",-73.7607902,40.7618344
"2103",-73.8301349,40.7611475
"2104",-73.9279654,40.6979738
"2105",-73.9230101,40.8624228
"2106",NA,NA
"2107",-73.8706464,40.7517673
"2108",-73.844126,40.676531
"2109",-73.9371894,40.7533429
"2110",-73.804723,40.757095
"2111",-73.9225158,40.767076
"2112",-73.9900975,40.7153605
"2113",-74.0236494,40.6350554
"2114",-73.985732,40.719125
"2115",-73.8708917,40.7510715
"2116",-73.9537346,40.7886376
"2117",-73.9486019,40.644228
"2118",-73.9944853,40.7522148
"2119",-74.0080355,40.6366896
"2120",-73.9070233,40.8803106
"2121",-74.008099,40.647659
"2122",-73.9868957,40.7504251
"2123",-73.9958189,40.6038214
"2124",-73.9914276,40.6001934
"2125",-74.023723,40.634959
"2126",-73.9983012,40.7293583
"2127",-73.9694464,40.7539851
"2128",-73.990494,40.7569545
"2129",-73.9640825,40.7643279
"2130",-73.948583,40.7952939
"2131",-74.0017077,40.7310762
"2132",-73.9340695,40.6961031
"2133",-73.9221303,40.6766753
"2134",-73.8120909,40.7646726
"2135",-74.0006504,40.731355
"2136",-73.9800893,40.7425771
"2137",-73.8686837,40.7473412
"2138",-74.2164383,40.5224915
"2139",-73.8452175,40.7195033
"2140",-73.9101203,40.8858697
"2141",-73.9880675,40.7482492
"2142",-73.9615456,40.7639097
"2143",-73.721844,40.7251461
"2144",-73.8976057,40.6759273
"2145",-74.0170279,40.7032775
"2146",-73.8311089,40.7011842
"2147",-73.92957,40.640676
"2148",-73.9765291,40.628963
"2149",-73.8649471,40.8639991
"2150",-73.9916919,40.6737383
"2151",-73.8322985,40.8465981
"2152",-74.0075402,40.7151466
"2153",-73.9260291,40.7593326
"2154",-73.9932258,40.75318
"2155",-73.9856631,40.6695971
"2156",-73.9561476,40.7176055
"2157",-73.9241333,40.6890123
"2158",-73.9816957,40.7782023
"2159",-73.9027477,40.7499845
"2160",-73.9315799,40.6585585
"2161",-73.98301,40.6944675
"2162",-73.9912422,40.7547705
"2163",-73.915241,40.869955
"2164",-73.973531,40.7535127
"2165",-73.9779934,40.6797011
"2166",-73.951612,40.5857958
"2167",-73.9399074,40.7976804
"2168",-73.9937922,40.7219568
"2169",-73.998182,40.648072
"2170",-73.8381475,40.6505913
"2171",-73.9165524,40.7648565
"2172",-73.9249234,40.810098
"2173",-73.9449714,40.8341071
"2174",-73.7946909,40.7822668
"2175",-73.9424207,40.6995274
"2176",-74.0020537,40.6074988
"2177",-73.9916859,40.7371461
"2178",-73.9590471,40.7756976
"2179",-73.9034588,40.6570444
"2180",-73.872306,40.760412
"2181",-73.9879172,40.7444211
"2182",-73.9546665,40.7418305
"2183",-73.9238032,40.6876372
"2184",-73.8774625,40.8714885
"2185",-73.9716063,40.7621879
"2186",-73.9061478,40.8775475
"2187",-74.0061787,40.7069302
"2188",-73.8827835,40.7560755
"2189",-73.95652,40.771876
"2190",-73.9205882,40.7573113
"2191",-73.9554737,40.5874688
"2192",-73.9902136,40.726735
"2193",-73.8319102,40.7143474
"2194",-73.9510242,40.7773015
"2195",-73.9016402,40.6924524
"2196",-73.9775995,40.7590884
"2197",-73.9108511,40.7686759
"2198",-73.9764676,40.6819339
"2199",-73.9923849,40.7423606
"2200",-74.0125066,40.7048083
"2201",-73.9985442,40.744696
"2202",-73.9460983,40.8198576
"2203",-74.210578,40.5507793
"2204",-74.0163662,40.7107009
"2205",-73.860553,40.6925262
"2206",-73.9837815,40.7643535
"2207",-73.8848454,40.7439875
"2208",-73.9286469,40.6321093
"2209",-73.9806295,40.7617296
"2210",-73.833453,40.76047
"2211",-73.8174825,40.6885952
"2212",-73.936669,40.704512
"2213",-73.9431352,40.6960756
"2214",-73.9041305,40.7001858
"2215",-73.9213702,40.840833
"2216",-73.9311216,40.6710364
"2217",-73.9215411,40.7562687
"2218",-73.8396021,40.6742194
"2219",-73.9938877,40.6861227
"2220",-73.9016548,40.8555728
"2221",-74.0072426,40.7185094
"2222",-73.8695707,40.6769692
"2223",-73.9224461,40.6445407
"2224",-74.0108313,40.7034852
"2225",-73.9841024,40.7603028
"2226",-74.0000223,40.732214
"2227",-74.0086962,40.7388469
"2228",-73.8847655,40.7477626
"2229",-73.9981319,40.7205188
"2230",-73.9766066,40.6746755
"2231",-74.0099578,40.7159798
"2232",-73.964908,40.5771753
"2233",-73.9565893,40.7784846
"2234",-73.9890116,40.7574173
"2235",-74.003559,40.731173
"2236",-73.978283,40.7511014
"2237",-73.9967442,40.7528214
"2238",-73.9853857,40.7637587
"2239",-73.9525096,40.5772298
"2240",-73.8366712,40.5825249
"2241",-73.8696808,40.8326917
"2242",-73.9813639,40.6279425
"2243",-73.9895836,40.7582251
"2244",-73.926361,40.819499
"2245",-73.994193,40.722933
"2246",-73.9953391,40.7205772
"2247",-74.0763121,40.6210599
"2248",-73.9694405,40.7607723
"2249",-73.8700453,40.6509162
"2250",-73.7920426,40.7062508
"2251",-73.9689253,40.7914849
"2252",-73.880647,40.80984
"2253",-73.8094297,40.7778508
"2254",-74.0071533,40.7102248
"2255",-73.8263458,40.7596056
"2256",-92.7609674,30.6203848
"2257",-73.9872252,40.7254662
"2258",-73.923836,40.7046629
"2259",-74.007055,40.6743695
"2260",-73.953838,40.822491
"2261",-74.1240608,40.6129842
"2262",-74.0048482,40.7411766
"2263",-73.9578698,40.7115048
"2264",-73.7742982,40.7690146
"2265",-73.954382,40.811811
"2266",-74.1147641,40.6293026
"2267",-73.9999367,40.7288146
"2268",-73.835654,40.7076319
"2269",-73.9606919,40.5878335
"2270",-73.9095469,40.6960532
"2271",-73.947419,40.7903305
"2272",-73.933333,40.70937
"2273",-73.9385978,40.7509337
"2274",-73.933388,40.7952776
"2275",-73.8930569,40.7490784
"2276",-73.9830962,40.7311787
"2277",-73.8876277,40.7433911
"2278",-73.828275,40.763104
"2279",-73.9597039,40.6977148
"2280",-73.7732527,40.7671961
"2281",-73.9662859,40.6292659
"2282",-73.9471372,40.7247502
"2283",-73.8078019,40.7148569
"2284",-74.000399,40.7357857
"2285",-73.8417086,40.7192783
"2286",-73.8428248,40.8414101
"2287",-74.0320355,40.621633
"2288",-73.768888,40.758741
"2289",-74.0086743,40.7094986
"2290",-73.8303712,40.7698402
"2291",-74.104656,40.58834
"2292",-73.941719,40.7880428
"2293",-74.0072518,40.6484101
"2294",-73.9546105,40.7310262
"2295",-73.9501902,40.5942795
"2296",-73.9719755,40.6930005
"2297",-73.87823,40.8730241
"2298",-73.8787301,40.7487974
"2299",-73.9493121,40.801633
"2300",-73.9415263,40.5969924
"2301",-73.9543648,40.7298461
"2302",-73.9347036,40.6973579
"2303",-73.9932232,40.6974104
"2304",-73.9588036,40.6692946
"2305",-74.0042799,40.7383177
"2306",-73.955184,40.769396
"2307",-73.9755349,40.635614
"2308",-73.9285161,40.7562178
"2309",-73.9839627,40.7261118
"2310",-74.0114027,40.6295009
"2311",-73.8496036,40.9039816
"2312",-73.9467369,40.680449
"2313",-73.9874304,40.7362291
"2314",-74.0264194,40.6342257
"2315",-73.949938,40.812365
"2316",-74.0015425,40.7073164
"2317",-73.789176,40.852644
"2318",-73.82187,40.676289
"2319",-73.9996426,40.7200927
"2320",-73.9695042,40.6046917
"2321",-73.904589,40.648712
"2322",-73.9770839,40.7268765
"2323",-73.9309606,40.5861593
"2324",-73.9814304,40.7321383
"2325",-74.183123,40.5663878
"2326",-73.9665836,40.758352
"2327",-73.9917729,40.6901402
"2328",-74.001914,40.7313345
"2329",-73.9227977,40.7440024
"2330",-74.0127002,40.7213698
"2331",-73.998941,40.6453821
"2332",-73.9042288,40.7705082
"2333",-73.9647557,40.801258
"2334",-73.9830377,40.7271033
"2335",-73.9572828,40.7117762
"2336",-73.9996933,40.7175831
"2337",-73.7767694,40.7803566
"2338",-73.9977552,40.740088
"2339",-73.9913112,40.7607165
"2340",-73.9842773,40.7502091
"2341",-73.9945365,40.7233661
"2342",-74.0060608,40.7370233
"2343",-73.9439234,40.7143776
"2344",-73.9486079,40.6436975
"2345",-73.9636088,40.5978346
"2346",-74.0118801,40.7020841
"2347",-73.9592004,40.7623075
"2348",-73.7424816,40.6770507
"2349",-73.9745316,40.7888732
"2350",-73.9851736,40.7192569
"2351",-100.7071475,47.1370614
"2352",-73.9242138,40.7019135
"2353",-74.0057924,40.6222443
"2354",-73.9718506,40.7950807
"2355",-73.9615106,40.5964034
"2356",-73.8868759,40.854945
"2357",-73.9803757,40.7430748
"2358",-73.9274661,40.7526022
"2359",-73.9175885,40.7411411
"2360",-73.8441514,40.6721801
"2361",-73.840793,40.6900619
"2362",-74.0023804,40.733915
"2363",-73.9096139,40.7753673
"2364",-73.9992262,40.7395428
"2365",-73.8517984,40.8339096
"2366",-73.9488206,40.7633218
"2367",-73.9813189,40.7559391
"2368",-73.9543794,40.7777203
"2369",-73.7510868,40.694985
"2370",-73.920146,40.6987979
"2371",-74.0032079,40.7182337
"2372",-73.9826263,40.6652209
"2373",-73.9309615,40.6705361
"2374",-74.1278995,40.5648131
"2375",-73.9433109,40.7118748
"2376",-73.829615,40.708951
"2377",-73.9915209,40.6924762
"2378",-73.814949,40.763238
"2379",-73.9778554,40.7842998
"2380",-73.7410897,40.6760649
"2381",-73.9945289,40.722646
"2382",-73.9986047,40.7152156
"2383",-73.8855509,40.7472621
"2384",-73.9973512,40.7199259
"2385",-73.993266,40.6947326
"2386",-73.8956309,40.7269694
"2387",-73.9677854,40.7994108
"2388",-73.7936686,40.7107252
"2389",-73.8883462,40.8726834
"2390",-73.9442178,40.7142934
"2391",-73.964995,40.6407098
"2392",-73.8918278,40.7115027
"2393",-73.7441302,40.7653229
"2394",-73.8693221,40.7346537
"2395",-73.9521055,40.8236484
"2396",-73.9805082,40.7568962
"2397",-73.963258,40.5814768
"2398",-73.8154509,40.7300534
"2399",-73.9864332,40.7489371
"2400",-73.9889546,40.7342212
"2401",-73.972433,40.609094
"2402",-73.9590072,40.7130408
"2403",-73.8225207,40.7572009
"2404",-73.9734335,40.6455157
"2405",-73.998863,40.6767369
"2406",-73.7382788,40.7572717
"2407",-73.9795926,40.6577173
"2408",-73.9883077,40.7597412
"2409",-73.9897752,40.7674516
"2410",-74.0125769,40.6156842
"2411",-74.2188851,40.5522101
"2412",-74.010501,40.616969
"2413",-73.9537911,40.7754841
"2414",-73.9121383,40.775266
"2415",-73.8451846,40.7200906
"2416",-73.9738974,40.7396742
"2417",-73.98695,40.7575534
"2418",-73.999757,40.6838853
"2419",-73.9953922,40.7213842
"2420",-74.011876,40.7042701
"2421",-73.9991768,40.6760994
"2422",-73.938722,40.6800499
"2423",-73.8202079,40.7652621
"2424",-73.9805395,40.7469315
"2425",-73.8575045,40.8622403
"2426",-73.8772462,40.7525749
"2427",-73.9124892,40.7665699
"2428",-73.9963808,40.6901494
"2429",-73.9844131,40.7572369
"2430",-73.9880711,40.7286295
"2431",-73.8603447,40.6701491
"2432",-73.8665421,40.6755027
"2433",-73.7578128,40.7059245
"2434",-73.8523307,40.8339714
"2435",-73.964513,40.693846
"2436",-73.9497164,40.8012942
"2437",-73.8651285,40.6917951
"2438",-73.8881489,40.7011542
"2439",-73.9569225,40.7660774
"2440",-73.9160236,40.7001673
"2441",-74.003019,40.7316445
"2442",-73.9579671,40.7086323
"2443",-74.0000044,40.7272506
"2444",-73.8962276,40.6719759
"2445",-73.9344242,40.8480328
"2446",-73.8553162,40.8487022
"2447",-74.0004617,40.7386228
"2448",-73.8623009,40.8839097
"2449",-74.0096955,40.7121084
"2450",-73.8893308,40.8536974
"2451",-73.9854223,40.7269655
"2452",-73.8817182,40.8316168
"2453",-74.109837,40.566729
"2454",-73.9982724,40.7214248
"2455",-73.83264,40.760541
"2456",-73.8598324,40.7311939
"2457",-73.9892028,40.7270459
"2458",-73.8052184,40.7021378
"2459",-73.9597113,40.7219795
"2460",-73.9244796,40.8270316
"2461",-73.8460002,40.784443
"2462",-73.9912156,40.7380826
"2463",-74.1113312,40.5715398
"2464",-73.9692235,40.7614094
"2465",-73.8385435,40.6519195
"2466",-73.9082454,40.7746586
"2467",-73.9176345,40.6694577
"2468",-73.9881988,40.7333075
"2469",-73.8707505,40.7517612
"2470",-73.9062583,40.7732257
"2471",-73.9829477,40.7354179
"2472",-73.9847137,40.7371804
"2473",-73.8342715,40.7698435
"2474",-73.9976172,40.6049792
"2475",-74.0751202,40.642211
"2476",-73.9074824,40.7001638
"2477",-73.9996318,40.7281322
"2478",-74.0290947,40.6288213
"2479",-73.865689,40.675265
"2480",-73.786046,40.84684
"2481",-73.8923895,40.7486742
"2482",-74.0809593,40.6243738
"2483",-73.9943635,40.7315992
"2484",-73.985382,40.7453123
"2485",-73.9822168,40.7790344
"2486",-73.7902191,40.7262962
"2487",-73.8491102,40.8909296
"2488",-73.9577615,40.7295868
"2489",-74.0048716,40.7404531
"2490",-73.9783526,40.7775212
"2491",-73.9859622,40.7528536
"2492",-73.9928632,40.7212297
"2493",-73.9812815,40.7027505
"2494",-73.9444952,40.6156907
"2495",-73.7877931,40.7576468
"2496",-73.9371073,40.855178
"2497",-73.7842412,40.6967814
"2498",-74.0005968,40.6009756
"2499",-73.997645,40.7214489
"2500",-73.9138992,40.7081569
